id,name,email,password_hash,access_level
8b0f4340-5a75-43f8-8474-861bf87ae74b,Admin_1,admin1@system.com,c393d25708839d0d662cf36230ab347f6319f33098f8025f5c87c88fc016625c,view_all
14d0c6d5-2e3d-478d-b17b-6ee55b1e2fc1,Admin_2,admin2@system.com,c393d25708839d0d662cf36230ab347f6319f33098f8025f5c87c88fc016625c,view_all
13ca874d-88f0-446b-8eb0-45e1956bf712,Admin_3,admin3@system.com,c393d25708839d0d662cf36230ab347f6319f33098f8025f5c87c88fc016625c,system_settings
8ff6ad95-9628-45e9-9347-71c79c106409,Admin_4,admin4@system.com,c393d25708839d0d662cf36230ab347f6319f33098f8025f5c87c88fc016625c,view_all
d5e9ac73-0897-4c53-98a3-a7d1bd68ae49,Admin_5,admin5@system.com,c393d25708839d0d662cf36230ab347f6319f33098f8025f5c87c88fc016625c,view_all
8113fd4d-fc48-4262-b60a-a06cd1a6c19d,Admin_6,admin6@system.com,c393d25708839d0d662cf36230ab347f6319f33098f8025f5c87c88fc016625c,view_all
648688d9-c9e2-41a7-be92-9ec2fdb3cc83,Admin_7,admin7@system.com,c393d25708839d0d662cf36230ab347f6319f33098f8025f5c87c88fc016625c,system_settings
d6e2acb9-cf7e-46cd-a840-a9b485517f33,Admin_8,admin8@system.com,c393d25708839d0d662cf36230ab347f6319f33098f8025f5c87c88fc016625c,system_settings
0f784f36-8ec7-4a41-a113-0f08a0819415,Admin_9,admin9@system.com,c393d25708839d0d662cf36230ab347f6319f33098f8025f5c87c88fc016625c,system_settings
cfdd53fd-de03-4e5c-8fae-3489d79ff42f,Admin_10,admin10@system.com,c393d25708839d0d662cf36230ab347f6319f33098f8025f5c87c88fc016625c,view_all
dc363d2f-a1dc-49f6-8b5c-fc2064706f49,Admin_11,admin11@system.com,c393d25708839d0d662cf36230ab347f6319f33098f8025f5c87c88fc016625c,system_settings
931e19c1-670c-446d-b22f-e0cc14f19cd8,Admin_12,admin12@system.com,c393d25708839d0d662cf36230ab347f6319f33098f8025f5c87c88fc016625c,system_settings
f18a0368-ef41-4bde-acdf-6641d66b9fed,Admin_13,admin13@system.com,c393d25708839d0d662cf36230ab347f6319f33098f8025f5c87c88fc016625c,system_settings
6f700823-f24e-4e1e-a830-d18d1bbec3cb,Admin_14,admin14@system.com,c393d25708839d0d662cf36230ab347f6319f33098f8025f5c87c88fc016625c,system_settings
e7308994-0f79-4499-bdea-8f6427ec5a49,Admin_15,admin15@system.com,c393d25708839d0d662cf36230ab347f6319f33098f8025f5c87c88fc016625c,view_all
2ebfe91e-a3e1-4bca-b0ca-f0f8f0dde929,Admin_16,admin16@system.com,c393d25708839d0d662cf36230ab347f6319f33098f8025f5c87c88fc016625c,view_all
e3b988fe-51db-4ab9-94fc-986baf87de3d,Admin_17,admin17@system.com,c393d25708839d0d662cf36230ab347f6319f33098f8025f5c87c88fc016625c,view_all
13362f4d-aef1-406a-a43d-0dffae8339e1,Admin_18,admin18@system.com,c393d25708839d0d662cf36230ab347f6319f33098f8025f5c87c88fc016625c,system_settings
86ee1a29-fa5a-4a20-a046-8b66ee77fc53,Admin_19,admin19@system.com,c393d25708839d0d662cf36230ab347f6319f33098f8025f5c87c88fc016625c,view_all
00e25b60-eac3-4e37-858e-5adf65c663f4,Admin_20,admin20@system.com,c393d25708839d0d662cf36230ab347f6319f33098f8025f5c87c88fc016625c,system_settings
